{
  "project_info": {
    "project_number": "2558272692",
    "firebase_url": "https://messagingdb-24e31.firebaseio.com",
    "project_id": "messagingdb-24e31",
    "storage_bucket": "messagingdb-24e31.appspot.com"
  },
  "client": [
    {
      "client_info": {
        "mobilesdk_app_id": "1:2558272692:android:7b9b2742804260125ca3e1",
        "android_client_info": {
          "package_name": "com.example.leadserve"
        }
      },
      "oauth_client": [
        {
          "client_id": "2558272692-f3k1nobueusn6ajqkspvpc72h89k5s0b.apps.googleusercontent.com",
          "client_type": 3
        }
      ],
      "api_key": [
        {
          "current_key": "AIzaSyB6JXAoKJYgeSI8YXsBXNbcGfjmjFNnRBU"
        }
      ],
      "services": {
        "appinvite_service": {
          "other_platform_oauth_client": [
            {
              "client_id": "2558272692-f3k1nobueusn6ajqkspvpc72h89k5s0b.apps.googleusercontent.com",
              "client_type": 3
            },
            {
              "client_id": "2558272692-7bhp65lcao5c87k8dmaj3g5jbh04gcqg.apps.googleusercontent.com",
              "client_type": 2,
              "ios_info": {
                "bundle_id": "com.messaging"
              }
            }
          ]
        }
      }
    }
  ],
  "configuration_version": "1"
}